<metadataResponse>
  <version>3.0</version>
  <timestamp>2022-03-11T06:27:31.920015</timestamp>
  <bulletin>
    <id>Net-Community-Driver_1.2.7.0-1vmw.700.1.0.15843807</id>
    <vendor>VMware</vendor>
    <summary>net-community: Community Network Drivers</summary>
    <severity>general</severity>
    <category>enhancement</category>
    <urgency>important</urgency>
    <releaseType>extension</releaseType>
    <description>Community Network Drivers for ESXi</description>
    <kbUrl>http://kb.vmware.com</kbUrl>
    <contact>support@vmware.com</contact>
    <componentNameSpec uiString="Community Network Devices Driver" name="Net-Community-Driver"/>
    <componentVersionSpec uiString="1.2.7.0" version="1.2.7.0-1vmw.700.1.0.15843807"/>
    <releaseDate>2022-03-11T06:25:01.386000+00:00</releaseDate>
    <platforms>
      <softwarePlatform locale="" version="7.0.0" productLineID="embeddedEsx"/>
    </platforms>
    <vibList>
      <vib>
        <vibVersion>1.4.5</vibVersion>
        <vibID>VMW_bootbank_net-community_1.2.7.0-1vmw.700.1.0.15843807</vibID>
        <name>net-community</name>
        <version>1.2.7.0-1vmw.700.1.0.15843807</version>
        <vendor>VMW</vendor>
        <vibType>bootbank</vibType>
        <summary>VMware Esx VIB</summary>
        <systemReqs>
          <maintenanceMode>false</maintenanceMode>
          <swPlatform locale="" version="" productLineID="embeddedEsx"/>
        </systemReqs>
        <relationships>
          <depends>
            <constraint name="vmkapi_2_6_0_0"/>
          </depends>
          <conflicts/>
          <replaces/>
          <provides/>
          <compatibleWith/>
        </relationships>
        <postInstall>
          <rebootRequired>false</rebootRequired>
          <hostdRestart>false</hostdRestart>
        </postInstall>
        <softwareTags>
          <tag>module</tag>
          <tag>driver</tag>
        </softwareTags>
        <vibFile>
          <sourceUrl></sourceUrl>
          <relativePath>vib20/net-community/VMW_bootbank_net-community_1.2.7.0-1vmw.700.1.0.15843807.vib</relativePath>
          <packedSize>229174</packedSize>
          <checksum>
            <checksumType>sha-256</checksumType>
            <checksum>4c2588db461900d29f75487927f79a26f2ec099d05bcdb33d844c8c434b84094</checksum>
          </checksum>
        </vibFile>
      </vib>
    </vibList>
  </bulletin>
</metadataResponse>
