<bulletin><id>Net-Community-Driver_1.2.7.0-1vmw.700.1.0.15843807</id><vendor>VMware</vendor><summary>net-community: Community Network Drivers</summary><severity>general</severity><category>enhancement</category><urgency>important</urgency><releaseType>extension</releaseType><description>Community Network Drivers for ESXi</description><kbUrl>http://kb.vmware.com</kbUrl><contact>support@vmware.com</contact><componentNameSpec uiString="Community Network Devices Driver" name="Net-Community-Driver"/><componentVersionSpec uiString="1.2.7.0" version="1.2.7.0-1vmw.700.1.0.15843807"/><releaseDate>2022-03-11T06:25:01.386000+00:00</releaseDate><platforms><softwarePlatform locale="" version="7.0.0" productLineID="embeddedEsx"/></platforms><vibList><vibID>VMW_bootbank_net-community_1.2.7.0-1vmw.700.1.0.15843807</vibID></vibList></bulletin>