<vib version="5.0"><type>bootbank</type><name>vmkusb-nic-fling</name><version>1.12-1vmw.801.0.0.64098092</version><vendor>VMW</vendor><summary>VMware Esx VIB</summary><description>USB Native Driver Fling for VMware ESXi</description><release-date>2023-04-06T12:50:27.219934+00:00</release-date><urls/><relationships><depends><constraint name="vmkapi_2_11_0_0"/><constraint name="vmkapi_incompat_2_11_0_0"/></depends><conflicts/><replaces/><provides/><compatibleWith/></relationships><software-tags><tag>RestrictStickyFiles</tag><tag>PCIID ................0c0300</tag><tag>PCIID ................0c0310</tag><tag>PCIID ................0c0320</tag><tag>PCIID ................0c0330</tag><tag>module</tag><tag>driver</tag><tag>sdkname:esx</tag><tag>sdkversion:8.0.1-64098092</tag></software-tags><relative-path>vib20/vmkusb-nic-fling/VMW_bootbank_vmkusb-nic-fling_1.12-1vmw.801.0.0.64098092.vib</relative-path><packed-size>356768</packed-size><checksum checksum-type="sha-256">d15a2664167a228d4a44e612be34baae4456d90c9a9e2c04cfd8f081a3adef18</checksum><system-requires><maintenance-mode>true</maintenance-mode><softwarePlatform version="8.0" locale="" productLineID="embeddedEsx"/></system-requires><file-list><file>etc/vmware/ihv.map.d/vmkusb_nic_fling_acpi.map</file><file>etc/vmware/ihv.map.d/vmkusb_nic_fling_pci.map</file><file>usr/lib/vmware/vmkmod/vmkusb_nic_fling</file></file-list><acceptance-level>certified</acceptance-level><live-install-allowed>false</live-install-allowed><live-remove-allowed>false</live-remove-allowed><cimom-restart>false</cimom-restart><stateless-ready>true</stateless-ready><overlay>false</overlay><payloads><payload name="vmkusb-n" type="vgz" size="351389"><checksum checksum-type="sha-256" verify-process="gunzip">8e8fc234f0768052f8cc029cd9c3172b8752f887a933e4844b37ceb02fdfd255</checksum><checksum checksum-type="sha-256">f0a7896f747fd3d2fa2562d7fe3bea2437e0a4a5321df65c1844665ea9320f43</checksum><checksum checksum-type="sha-1" verify-process="gunzip">d06b1d9310aeb8c7b13b20960ca4fc59f321e5ed</checksum></payload></payloads></vib>