<metadataResponse>
  <version>3.0</version>
  <timestamp>2023-04-25T13:51:20.791399</timestamp>
  <bulletin>
    <id>VMware-vmkusb-nic-fling_1.12-1vmw.801.0.0.64098092</id>
    <vendor>VMware</vendor>
    <summary>USB NIC Driver Fling</summary>
    <severity>general</severity>
    <category>enhancement</category>
    <urgency>important</urgency>
    <releaseType>extension</releaseType>
    <description>USB Native Driver Fling for VMware ESXi</description>
    <kbUrl>http://kb.vmware.com</kbUrl>
    <contact>usb-sensei@vmware.com</contact>
    <componentNameSpec name="VMware-vmkusb-nic-fling" uiString="VMware USB NIC Fling Driver"/>
    <componentVersionSpec version="1.12-1vmw.801.0.0.64098092" uiString="1.12-1vmw"/>
    <releaseDate>2023-04-25T13:44:58.178000+00:00</releaseDate>
    <platforms>
      <softwarePlatform version="8.0" locale="" productLineID="embeddedEsx"/>
    </platforms>
    <vibList>
      <vib>
        <vibVersion>1.4.5</vibVersion>
        <vibID>VMW_bootbank_vmkusb-nic-fling_1.12-1vmw.801.0.0.64098092</vibID>
        <name>vmkusb-nic-fling</name>
        <version>1.12-1vmw.801.0.0.64098092</version>
        <vendor>VMW</vendor>
        <vibType>bootbank</vibType>
        <summary>VMware Esx VIB</summary>
        <systemReqs>
          <maintenanceMode>true</maintenanceMode>
          <swPlatform version="8.0" locale="" productLineID="embeddedEsx"/>
        </systemReqs>
        <relationships>
          <depends>
            <constraint name="vmkapi_2_11_0_0"/>
            <constraint name="vmkapi_incompat_2_11_0_0"/>
          </depends>
          <conflicts/>
          <replaces/>
          <provides/>
          <compatibleWith/>
        </relationships>
        <postInstall>
          <rebootRequired>true</rebootRequired>
          <hostdRestart>false</hostdRestart>
        </postInstall>
        <softwareTags>
          <tag>RestrictStickyFiles</tag>
          <tag>PCIID ................0c0300</tag>
          <tag>PCIID ................0c0310</tag>
          <tag>PCIID ................0c0320</tag>
          <tag>PCIID ................0c0330</tag>
          <tag>module</tag>
          <tag>driver</tag>
          <tag>sdkname:esx</tag>
          <tag>sdkversion:8.0.1-64098092</tag>
        </softwareTags>
        <vibFile>
          <sourceUrl></sourceUrl>
          <relativePath>vib20/vmkusb-nic-fling/VMW_bootbank_vmkusb-nic-fling_1.12-1vmw.801.0.0.64098092.vib</relativePath>
          <packedSize>356768</packedSize>
          <checksum>
            <checksumType>sha-256</checksumType>
            <checksum>d15a2664167a228d4a44e612be34baae4456d90c9a9e2c04cfd8f081a3adef18</checksum>
          </checksum>
        </vibFile>
      </vib>
    </vibList>
  </bulletin>
</metadataResponse>
