<vib version="5.0"><type>bootbank</type><name>net-community</name><version>1.2.7.0-1vmw.700.1.0.15843807</version><vendor>VMW</vendor><summary>VMware Esx VIB</summary><description>Community Network Drivers for ESXi</description><release-date>2022-03-10T21:21:26.019416+00:00</release-date><urls/><relationships><depends><constraint name="vmkapi_2_6_0_0"/></depends><conflicts/><replaces/><provides/><compatibleWith/></relationships><software-tags><tag>module</tag><tag>driver</tag></software-tags><relative-path>vib20/net-community/VMW_bootbank_net-community_1.2.7.0-1vmw.700.1.0.15843807.vib</relative-path><packed-size>229174</packed-size><checksum checksum-type="sha-256">4c2588db461900d29f75487927f79a26f2ec099d05bcdb33d844c8c434b84094</checksum><system-requires><maintenance-mode>false</maintenance-mode></system-requires><file-list><file>etc/vmware/fallback.map.d/e1000-community.map</file><file>etc/vmware/fallback.map.d/igc-community.map</file><file>usr/lib/vmware/vmkmod/e1000-community</file><file>usr/lib/vmware/vmkmod/igc-community</file><file>usr/lib/vmware/vmkmod/vmkcndi-community</file><file>usr/share/hwdata/fallback.pciids.d/e1000-community.ids</file><file>usr/share/hwdata/fallback.pciids.d/igc-community.ids</file></file-list><acceptance-level>certified</acceptance-level><live-install-allowed>true</live-install-allowed><live-remove-allowed>true</live-remove-allowed><cimom-restart>false</cimom-restart><stateless-ready>true</stateless-ready><overlay>false</overlay><payloads><payload name="netcommu" type="vgz" size="223938"><checksum checksum-type="sha-256" verify-process="gunzip">04ef1b39f66aa10fb6655470947d09b0b59a2b5216f73bb157844f84a804c68e</checksum><checksum checksum-type="sha-256">a6f182118b7d60488fce51ee44475c6e8f37d57b9d162b1628741e52d637234b</checksum><checksum checksum-type="sha-1" verify-process="gunzip">997405548478c97dc476f367e60f9d2ff27e37b8</checksum></payload></payloads></vib>