<bulletin><id>VMware-vmkusb-nic-fling_1.12-1vmw.801.0.0.64098092</id><vendor>VMware</vendor><summary>USB NIC Driver Fling</summary><severity>general</severity><category>enhancement</category><urgency>important</urgency><releaseType>extension</releaseType><description>USB Native Driver Fling for VMware ESXi</description><kbUrl>http://kb.vmware.com</kbUrl><contact>usb-sensei@vmware.com</contact><componentNameSpec name="VMware-vmkusb-nic-fling" uiString="VMware USB NIC Fling Driver"/><componentVersionSpec version="1.12-1vmw.801.0.0.64098092" uiString="1.12-1vmw"/><releaseDate>2023-04-25T13:44:58.178000+00:00</releaseDate><platforms><softwarePlatform version="8.0" locale="" productLineID="embeddedEsx"/></platforms><vibList><vibID>VMW_bootbank_vmkusb-nic-fling_1.12-1vmw.801.0.0.64098092</vibID></vibList></bulletin>